S.No.,State Code,State Name,Parliament Constituency Code,Parliament Constituency Name,Assembly Constituency Code,Assembly Constituency Name
1,35,Andaman And Nicobar Islands,543,Andaman & Nicobar Islands,,
2,28,Andhra Pradesh,411,Amalapuram,,
3,28,Andhra Pradesh,412,Anakapalle,,
4,28,Andhra Pradesh,413,Anantapur,,
5,28,Andhra Pradesh,414,Araku,,
6,28,Andhra Pradesh,415,Bapatla,,
7,28,Andhra Pradesh,418,Chittoor,,
8,28,Andhra Pradesh,419,Eluru,,
9,28,Andhra Pradesh,420,Guntur,,
10,28,Andhra Pradesh,421,Hindupur,,
11,28,Andhra Pradesh,423,Kadapa,,
12,28,Andhra Pradesh,424,Kakinada,,
13,28,Andhra Pradesh,427,Kurnool,,
14,28,Andhra Pradesh,428,Machilipatnam,,
15,28,Andhra Pradesh,435,Nandyal,,
16,28,Andhra Pradesh,436,Narasaraopet,,
17,28,Andhra Pradesh,437,Narsapuram,,
18,28,Andhra Pradesh,438,Nellore,,
19,28,Andhra Pradesh,440,Ongole,,
20,28,Andhra Pradesh,442,Rajahmundry,,
21,28,Andhra Pradesh,443,Rajampet,,
22,28,Andhra Pradesh,445,Srikakulam,,
23,28,Andhra Pradesh,446,Tirupati,,
24,28,Andhra Pradesh,447,Vijayawada,,
25,28,Andhra Pradesh,448,Visakhapatnam,,
26,28,Andhra Pradesh,449,Vizianagaram,,
27,12,Arunachal Pradesh,193,Arunachal East,,
28,12,Arunachal Pradesh,194,Arunachal West,,
29,18,Assam,203,Autonomous District,,
30,18,Assam,204,Barpeta,,
31,18,Assam,205,Dhubri,,
32,18,Assam,206,Dibrugarh,,
33,18,Assam,207,Gauhati,,
34,18,Assam,208,Jorhat,,
35,18,Assam,209,Kaliabor,,
36,18,Assam,210,Karimganj,,
37,18,Assam,211,Kokrajhar,,
38,18,Assam,212,Lakhimpur,,
39,18,Assam,213,Mangaldoi,,
40,18,Assam,214,Nowgong,,
41,18,Assam,215,Silchar,,
42,18,Assam,216,Tezpur,,
43,10,Bihar,152,Araria,,
44,10,Bihar,153,Arrah,,
45,10,Bihar,154,Aurangabad,,
46,10,Bihar,155,Banka,,
47,10,Bihar,156,Begusarai,,
48,10,Bihar,157,Bhagalpur,,
49,10,Bihar,158,Buxar,,
50,10,Bihar,159,Darbhanga,,
51,10,Bihar,160,Gaya,,
52,10,Bihar,161,Gopalganj,,
53,10,Bihar,162,Hajipur,,
54,10,Bihar,163,Jahanabad,,
55,10,Bihar,164,Jamui,,
56,10,Bihar,165,Jhanjharpur,,
57,10,Bihar,166,Karakat,,
58,10,Bihar,167,Katihar,,
59,10,Bihar,168,Khagaria,,
60,10,Bihar,169,Kishanganj,,
61,10,Bihar,170,Madhepura,,
62,10,Bihar,171,Madhubani,,
63,10,Bihar,172,Maharajganj,,
64,10,Bihar,173,Munger,,
65,10,Bihar,174,Muzaffarpur,,
66,10,Bihar,175,Nalanda,,
67,10,Bihar,176,Nawada,,
68,10,Bihar,177,Paschim Champaran,,
69,10,Bihar,178,Pataliputra,,
70,10,Bihar,179,Patna Sahib,,
71,10,Bihar,180,Purnia,,
72,10,Bihar,181,Purvi Champaran,,
73,10,Bihar,182,Samastipur,,
74,10,Bihar,183,Saran,,
75,10,Bihar,184,Sasaram,,
76,10,Bihar,185,Sheohar,,
77,10,Bihar,186,Sitamarhi,,
78,10,Bihar,187,Siwan,,
79,10,Bihar,188,Supaul,,
80,10,Bihar,189,Ujiarpur,,
81,10,Bihar,190,Vaishali,,
82,10,Bihar,191,Valmiki Nagar,,
83,4,Chandigarh,24,Chandigarh,,
84,22,Chhattisgarh,294,Bastar,,
85,22,Chhattisgarh,295,Bilaspur,,
86,22,Chhattisgarh,296,Durg,,
87,22,Chhattisgarh,297,Janjgir Champa,,
88,22,Chhattisgarh,298,Kanker,,
89,22,Chhattisgarh,299,Korba,,
90,22,Chhattisgarh,300,Mahasamund,,
91,22,Chhattisgarh,301,Raigarh,,
92,22,Chhattisgarh,302,Raipur,,
93,22,Chhattisgarh,303,Rajnandgaon,,
94,22,Chhattisgarh,304,Surguja,,
95,7,Delhi,40,Chandni Chowk,,
96,7,Delhi,41,East Delhi,,
97,7,Delhi,42,New Delhi,,
98,7,Delhi,43,North East Delhi,,
99,7,Delhi,44,North West Delhi,,
100,7,Delhi,45,South Delhi,,
101,7,Delhi,46,West Delhi,,
102,30,Goa,480,North Goa,,
103,30,Goa,481,South Goa,,
104,24,Gujarat,334,Ahmedabad East,,
105,24,Gujarat,335,Ahmedabad West,,
106,24,Gujarat,336,Amreli,,
107,24,Gujarat,337,Anand,,
108,24,Gujarat,338,Banaskantha,,
109,24,Gujarat,339,Bardoli,,
110,24,Gujarat,340,Bharuch,,
111,24,Gujarat,341,Bhavnagar,,
112,24,Gujarat,342,Chhota Udaipur,,
113,24,Gujarat,343,Dahod,,
114,24,Gujarat,344,Gandhinagar,,
115,24,Gujarat,345,Jamnagar,,
116,24,Gujarat,346,Junagadh,,
117,24,Gujarat,347,Kachchh,,
118,24,Gujarat,348,Kheda,,
119,24,Gujarat,349,Mahesana,,
120,24,Gujarat,350,Navsari,,
121,24,Gujarat,351,Panchmahal,,
122,24,Gujarat,352,Patan,,
123,24,Gujarat,353,Porbandar,,
124,24,Gujarat,354,Rajkot,,
125,24,Gujarat,355,Sabarkantha,,
126,24,Gujarat,356,Surat,,
127,24,Gujarat,357,Surendranagar,,
128,24,Gujarat,358,Vadodara,,
129,24,Gujarat,359,Valsad,,
130,6,Haryana,30,Ambala,,
131,6,Haryana,31,Bhiwani-Mahendragarh,,
132,6,Haryana,32,Faridabad,,
133,6,Haryana,33,Gurgaon,,
134,6,Haryana,34,Hisar,,
135,6,Haryana,35,Karnal,,
136,6,Haryana,36,Kurukshetra,,
137,6,Haryana,37,Rohtak,,
138,6,Haryana,38,Sirsa,,
139,6,Haryana,39,Sonipat,,
140,2,Himachal Pradesh,7,Hamirpur,,
141,2,Himachal Pradesh,8,Kangra,,
142,2,Himachal Pradesh,9,Mandi,,
143,2,Himachal Pradesh,10,Shimla,,
144,1,Jammu And Kashmir,1,Anantnag,,
145,1,Jammu And Kashmir,2,Baramulla,,
146,1,Jammu And Kashmir,3,Jammu,,
147,1,Jammu And Kashmir,5,Srinagar,,
148,1,Jammu And Kashmir,6,Udhampur ,,
149,20,Jharkhand,259,Chatra,,
150,20,Jharkhand,260,Dhanbad,,
151,20,Jharkhand,261,Dumka,,
152,20,Jharkhand,262,Giridih,,
153,20,Jharkhand,263,Godda,,
154,20,Jharkhand,264,Hazaribagh,,
155,20,Jharkhand,265,Jamshedpur,,
156,20,Jharkhand,266,Khunti,,
157,20,Jharkhand,267,Kodarma,,
158,20,Jharkhand,268,Lohardaga,,
159,20,Jharkhand,269,Palamau,,
160,20,Jharkhand,270,Rajmahal,,
161,20,Jharkhand,271,Ranchi,,
162,20,Jharkhand,272,Singhbhum,,
163,29,Karnataka,452,Bagalkot,,
164,29,Karnataka,458,Ballari,,
165,29,Karnataka,457,Belagavi,,
166,29,Karnataka,453,Bengaluru Central,,
167,29,Karnataka,454,Bengaluru North,,
168,29,Karnataka,455,Bengaluru Rural,,
169,29,Karnataka,456,Bengaluru South,,
170,29,Karnataka,459,Bidar,,
171,29,Karnataka,461,Chamarajanagar,,
172,29,Karnataka,462,Chikkballapur,,
173,29,Karnataka,463,Chikkodi,,
174,29,Karnataka,464,Chitradurga,,
175,29,Karnataka,465,Dakshina Kannada,,
176,29,Karnataka,466,Davanagere,,
177,29,Karnataka,467,Dharwad,,
178,29,Karnataka,469,Hassan,,
179,29,Karnataka,470,Haveri,,
180,29,Karnataka,468,Kalaburagi,,
181,29,Karnataka,471,Kolar,,
182,29,Karnataka,472,Koppal,,
183,29,Karnataka,473,Mandya,,
184,29,Karnataka,474,Mysuru,,
185,29,Karnataka,475,Raichur,,
186,29,Karnataka,476,Shivamogga,,
187,29,Karnataka,477,Tumakuru,,
188,29,Karnataka,478,Udupi Chikkamagaluru,,
189,29,Karnataka,479,Uttara Kannada,,
190,29,Karnataka,460,Vijayapura,,
191,32,Kerala,483,Alappuzha,,
192,32,Kerala,484,Alathur,,
193,32,Kerala,485,Attingal,,
194,32,Kerala,486,Chalakudy,,
195,32,Kerala,487,Ernakulam,,
196,32,Kerala,488,Idukki,,
197,32,Kerala,489,Kannur,,
198,32,Kerala,490,Kasaragod,,
199,32,Kerala,491,Kollam,,
200,32,Kerala,492,Kottayam,,
201,32,Kerala,493,Kozhikode,,
202,32,Kerala,494,Malappuram,,
203,32,Kerala,495,Mavelikkara,,
204,32,Kerala,496,Palakkad,,
205,32,Kerala,497,Pathanamthitta,,
206,32,Kerala,498,Ponnani,,
207,32,Kerala,499,Thiruvananthapuram,,
208,32,Kerala,500,Thrissur,,
209,32,Kerala,501,Vadakara,,
210,32,Kerala,502,Wayanad,,
211,37,Ladakh,4,Ladakh,,
212,31,Lakshadweep,482,Lakshadweep,,
213,23,Madhya Pradesh,305,Balaghat,,
214,23,Madhya Pradesh,306,Betul,,
215,23,Madhya Pradesh,307,Bhind,,
216,23,Madhya Pradesh,308,Bhopal,,
217,23,Madhya Pradesh,309,Chhindwara,,
218,23,Madhya Pradesh,310,Damoh,,
219,23,Madhya Pradesh,311,Dewas,,
220,23,Madhya Pradesh,312,Dhar,,
221,23,Madhya Pradesh,313,Guna,,
222,23,Madhya Pradesh,314,Gwalior,,
223,23,Madhya Pradesh,315,Hoshangabad,,
224,23,Madhya Pradesh,316,Indore,,
225,23,Madhya Pradesh,317,Jabalpur,,
226,23,Madhya Pradesh,318,Khajuraho,,
227,23,Madhya Pradesh,319,Khandwa,,
228,23,Madhya Pradesh,320,Khargone,,
229,23,Madhya Pradesh,321,Mandla,,
230,23,Madhya Pradesh,322,Mandsour,,
231,23,Madhya Pradesh,323,Morena,,
232,23,Madhya Pradesh,324,Rajgarh,,
233,23,Madhya Pradesh,325,Ratlam,,
234,23,Madhya Pradesh,326,Rewa,,
235,23,Madhya Pradesh,327,Sagar,,
236,23,Madhya Pradesh,328,Satna,,
237,23,Madhya Pradesh,329,Shahdol,,
238,23,Madhya Pradesh,330,Sidhi,,
239,23,Madhya Pradesh,331,Tikamgarh,,
240,23,Madhya Pradesh,332,Ujjain,,
241,23,Madhya Pradesh,333,Vidisha,,
242,27,Maharashtra,362,Ahmednagar,,
243,27,Maharashtra,363,Akola,,
244,27,Maharashtra,364,Amravati,,
245,27,Maharashtra,365,Aurangabad,,
246,27,Maharashtra,366,Baramati,,
247,27,Maharashtra,367,Beed,,
248,27,Maharashtra,368,Bhandara - Gondiya,,
249,27,Maharashtra,369,Bhiwandi,,
250,27,Maharashtra,370,Buldhana,,
251,27,Maharashtra,371,Chandrapur,,
252,27,Maharashtra,372,Dhule,,
253,27,Maharashtra,373,Dindori,,
254,27,Maharashtra,374,Gadchiroli-Chimur,,
255,27,Maharashtra,375,Hatkanangle,,
256,27,Maharashtra,376,Hingoli,,
257,27,Maharashtra,377,Jalgaon,,
258,27,Maharashtra,378,Jalna,,
259,27,Maharashtra,379,Kalyan,,
260,27,Maharashtra,380,Kolhapur,,
261,27,Maharashtra,381,Latur,,
262,27,Maharashtra,382,Madha,,
263,27,Maharashtra,383,Maval,,
264,27,Maharashtra,384,Mumbai North,,
265,27,Maharashtra,385,Mumbai North-Central,,
266,27,Maharashtra,386,Mumbai North-East,,
267,27,Maharashtra,387,Mumbai North-West,,
268,27,Maharashtra,389,Mumbai-South,,
269,27,Maharashtra,388,Mumbai South-Central,,
270,27,Maharashtra,390,Nagpur,,
271,27,Maharashtra,391,Nanded,,
272,27,Maharashtra,392,Nandurbar,,
273,27,Maharashtra,393,Nashik,,
274,27,Maharashtra,394,Osmanabad,,
275,27,Maharashtra,395,Palghar,,
276,27,Maharashtra,396,Parbhani,,
277,27,Maharashtra,397,Pune,,
278,27,Maharashtra,398,Raigad,,
279,27,Maharashtra,399,Ramtek,,
280,27,Maharashtra,400,Ratnagiri - Sindhudurg,,
281,27,Maharashtra,401,Raver,,
282,27,Maharashtra,402,Sangli,,
283,27,Maharashtra,403,Satara,,
284,27,Maharashtra,404,Shirdi,,
285,27,Maharashtra,405,Shirur,,
286,27,Maharashtra,406,Solapur,,
287,27,Maharashtra,407,Thane,,
288,27,Maharashtra,408,Wardha,,
289,27,Maharashtra,409,Yavatmal-Washim,,
290,14,Manipur,196,Inner Manipur,,
291,14,Manipur,197,Outer Manipur,,
292,17,Meghalaya,201,Shillong,,
293,17,Meghalaya,202,Tura,,
294,15,Mizoram,198,Mizoram,,
295,13,Nagaland,195,Nagaland,,
296,21,Odisha,273,Aska,,
297,21,Odisha,274,Balasore,,
298,21,Odisha,275,Bargarh,,
299,21,Odisha,276,Berhampur,,
300,21,Odisha,277,Bhadrak,,
301,21,Odisha,278,Bhubaneswar,,
302,21,Odisha,279,Bolangir,,
303,21,Odisha,280,Cuttack,,
304,21,Odisha,281,Dhenkanal,,
305,21,Odisha,282,Jagatsinghpur,,
306,21,Odisha,283,Jajpur,,
307,21,Odisha,284,Kalahandi,,
308,21,Odisha,285,Kandhamal,,
309,21,Odisha,286,Kendrapara,,
310,21,Odisha,287,Keonjhar,,
311,21,Odisha,288,Koraput,,
312,21,Odisha,289,Mayurbhanj,,
313,21,Odisha,290,Nabarangpur,,
314,21,Odisha,291,Puri,,
315,21,Odisha,292,Sambalpur,,
316,21,Odisha,293,Sundargarh,,
317,34,Puducherry,542,PUDUCHERRY,,
318,3,Punjab,11,Amritsar,,
319,3,Punjab,12,Anandpur Sahib,,
320,3,Punjab,13,Bathinda,,
321,3,Punjab,14,Faridkot,,
322,3,Punjab,15,Fatehgarh Sahib,,
323,3,Punjab,16,Firozpur,,
324,3,Punjab,17,Gurdaspur,,
325,3,Punjab,18,Hoshiarpur,,
326,3,Punjab,19,Jalandhar,,
327,3,Punjab,20,Khadoor Sahib,,
328,3,Punjab,21,Ludhiana,,
329,3,Punjab,22,Patiala,,
330,3,Punjab,23,Sangrur,,
331,8,Rajasthan,47,Ajmer,,
332,8,Rajasthan,48,Alwar,,
333,8,Rajasthan,49,Banswara,,
334,8,Rajasthan,50,Barmer,,
335,8,Rajasthan,51,Bharatpur,,
336,8,Rajasthan,52,Bhilwara,,
337,8,Rajasthan,53,Bikaner,,
338,8,Rajasthan,54,Chittorgarh,,
339,8,Rajasthan,55,Churu,,
340,8,Rajasthan,56,Dausa,,
341,8,Rajasthan,57,Ganganagar,,
342,8,Rajasthan,58,Jaipur,,
343,8,Rajasthan,59,Jaipur Rural,,
344,8,Rajasthan,60,Jalore,,
345,8,Rajasthan,61,Jhalawar-Baran,,
346,8,Rajasthan,62,Jhunjhunu,,
347,8,Rajasthan,63,Jodhpur,,
348,8,Rajasthan,64,Karauli-Dholpur,,
349,8,Rajasthan,65,Kota,,
350,8,Rajasthan,66,Nagaur,,
351,8,Rajasthan,67,Pali,,
352,8,Rajasthan,68,Rajsamand,,
353,8,Rajasthan,69,Sikar,,
354,8,Rajasthan,70,Tonk-Sawai Madhopur,,
355,8,Rajasthan,71,Udaipur,,
356,11,Sikkim,192,Sikkim,,
357,33,Tamil Nadu,503,Arakkonam,,
358,33,Tamil Nadu,504,Arani,,
359,33,Tamil Nadu,505,Chennai Central,,
360,33,Tamil Nadu,506,Chennai North,,
361,33,Tamil Nadu,507,Chennai South,,
362,33,Tamil Nadu,508,Chidambaram,,
363,33,Tamil Nadu,509,Coimbatore,,
364,33,Tamil Nadu,510,Cuddalore,,
365,33,Tamil Nadu,511,Dharmapuri,,
366,33,Tamil Nadu,512,Dindigul,,
367,33,Tamil Nadu,513,Erode,,
368,33,Tamil Nadu,514,Kallakurichi,,
369,33,Tamil Nadu,515,Kancheepuram,,
370,33,Tamil Nadu,516,Kanniyakumari,,
371,33,Tamil Nadu,517,Karur,,
372,33,Tamil Nadu,518,Krishnagiri,,
373,33,Tamil Nadu,519,Madurai,,
374,33,Tamil Nadu,520,Mayiladuthurai,,
375,33,Tamil Nadu,521,Nagapattinam,,
376,33,Tamil Nadu,522,Namakkal,,
377,33,Tamil Nadu,523,Nilgiris,,
378,33,Tamil Nadu,524,Perambalur,,
379,33,Tamil Nadu,525,Pollachi,,
380,33,Tamil Nadu,526,Ramanathapuram,,
381,33,Tamil Nadu,527,Salem,,
382,33,Tamil Nadu,528,Sivaganga,,
383,33,Tamil Nadu,529,Sriperumbudur,,
384,33,Tamil Nadu,530,Tenkasi,,
385,33,Tamil Nadu,531,Thanjavur,,
386,33,Tamil Nadu,532,Theni,,
387,33,Tamil Nadu,533,Thoothukkudi,,
388,33,Tamil Nadu,534,Tiruchirappalli,,
389,33,Tamil Nadu,535,Tirunelveli,,
390,33,Tamil Nadu,536,Tiruppur,,
391,33,Tamil Nadu,537,Tiruvallur,,
392,33,Tamil Nadu,538,Tiruvannamalai,,
393,33,Tamil Nadu,539,Vellore,,
394,33,Tamil Nadu,540,Viluppuram,,
395,33,Tamil Nadu,541,Virudhunagar,,
396,36,Telangana,410,Adilabad,,
397,36,Telangana,416,Bhongir,,
398,36,Telangana,417,Chevella,,
399,36,Telangana,422,Hyderabad,,
400,36,Telangana,425,Karimnagar,,
401,36,Telangana,426,Khammam,,
402,36,Telangana,429,Mahabubabad,,
403,36,Telangana,430,Mahbubnagar,,
404,36,Telangana,431,Malkajgiri,,
405,36,Telangana,432,Medak,,
406,36,Telangana,433,Nagarkurnool,,
407,36,Telangana,434,Nalgonda,,
408,36,Telangana,439,Nizamabad,,
409,36,Telangana,441,Peddapalle,,
410,36,Telangana,444,Secunderabad,,
411,36,Telangana,450,Warangal,,
412,36,Telangana,451,Zahirabad,,
413,38,The Dadra And Nagar Haveli And Daman And Diu,361,Dadra & Nagar Haveli,,
414,38,The Dadra And Nagar Haveli And Daman And Diu,360,Daman & Diu,,
415,16,Tripura,199,Tripura East,,
416,16,Tripura,200,Tripura West,,
417,5,Uttarakhand,25,Almora,,
418,5,Uttarakhand,26,Garhwal,,
419,5,Uttarakhand,27,Hardwar,,
420,5,Uttarakhand,28,Nainital-Udhamsingh Nagar,,
421,5,Uttarakhand,29,Tehri Garhwal,,
422,9,Uttar Pradesh,72,Agra,,
423,9,Uttar Pradesh,73,Akbarpur,,
424,9,Uttar Pradesh,74,Aligarh,,
425,9,Uttar Pradesh,75,Allahabad,,
426,9,Uttar Pradesh,76,Ambedkar Nagar,,
427,9,Uttar Pradesh,77,Amethi,,
428,9,Uttar Pradesh,78,Amroha,,
429,9,Uttar Pradesh,79,Aonla,,
430,9,Uttar Pradesh,80,Azamgarh,,
431,9,Uttar Pradesh,81,Badaun,,
432,9,Uttar Pradesh,82,Baghpat,,
433,9,Uttar Pradesh,83,Bahraich,,
434,9,Uttar Pradesh,84,Ballia,,
435,9,Uttar Pradesh,85,Banda,,
436,9,Uttar Pradesh,86,Bansgaon,,
437,9,Uttar Pradesh,87,Barabanki,,
438,9,Uttar Pradesh,88,Bareilly,,
439,9,Uttar Pradesh,89,Basti,,
440,9,Uttar Pradesh,90,Bhadohi,,
441,9,Uttar Pradesh,91,Bijnor,,
442,9,Uttar Pradesh,92,Bulandshahr,,
443,9,Uttar Pradesh,93,Chandauli,,
444,9,Uttar Pradesh,94,Deoria,,
445,9,Uttar Pradesh,95,Dhaurahra,,
446,9,Uttar Pradesh,96,Domariyaganj,,
447,9,Uttar Pradesh,97,Etah,,
448,9,Uttar Pradesh,98,Etawah,,
449,9,Uttar Pradesh,99,Faizabad,,
450,9,Uttar Pradesh,100,Farrukhabad,,
451,9,Uttar Pradesh,101,Fatehpur,,
452,9,Uttar Pradesh,102,Fatehpur Sikri,,
453,9,Uttar Pradesh,103,Firozabad,,
454,9,Uttar Pradesh,104,Gautam Buddha Nagar,,
455,9,Uttar Pradesh,105,Ghaziabad,,
456,9,Uttar Pradesh,106,Ghazipur,,
457,9,Uttar Pradesh,107,Ghosi,,
458,9,Uttar Pradesh,108,Gonda,,
459,9,Uttar Pradesh,109,Gorakhpur,,
460,9,Uttar Pradesh,110,Hamirpur,,
461,9,Uttar Pradesh,111,Hardoi,,
462,9,Uttar Pradesh,112,Hathras,,
463,9,Uttar Pradesh,113,Jalaun,,
464,9,Uttar Pradesh,114,Jaunpur,,
465,9,Uttar Pradesh,115,Jhansi,,
466,9,Uttar Pradesh,116,Kairana,,
467,9,Uttar Pradesh,117,Kaiserganj,,
468,9,Uttar Pradesh,118,Kannauj,,
469,9,Uttar Pradesh,119,Kanpur,,
470,9,Uttar Pradesh,120,Kaushambi,,
471,9,Uttar Pradesh,121,Kheri,,
472,9,Uttar Pradesh,122,Kushi Nagar,,
473,9,Uttar Pradesh,123,Lalganj,,
474,9,Uttar Pradesh,124,Lucknow,,
475,9,Uttar Pradesh,125,Machhlishahr,,
476,9,Uttar Pradesh,126,Maharajganj,,
477,9,Uttar Pradesh,127,Mainpuri,,
478,9,Uttar Pradesh,128,Mathura,,
479,9,Uttar Pradesh,129,Meerut,,
480,9,Uttar Pradesh,130,Mirzapur,,
481,9,Uttar Pradesh,131,Misrikh,,
482,9,Uttar Pradesh,132,Mohanlalganj,,
483,9,Uttar Pradesh,133,Moradabad,,
484,9,Uttar Pradesh,134,Muzaffarnagar,,
485,9,Uttar Pradesh,135,Nagina,,
486,9,Uttar Pradesh,136,Phulpur,,
487,9,Uttar Pradesh,137,Pilibhit,,
488,9,Uttar Pradesh,138,Pratapgarh,,
489,9,Uttar Pradesh,139,Rae Bareli,,
490,9,Uttar Pradesh,140,Rampur,,
491,9,Uttar Pradesh,141,Robertsganj,,
492,9,Uttar Pradesh,142,Saharanpur,,
493,9,Uttar Pradesh,143,Salempur,,
494,9,Uttar Pradesh,144,Sambhal,,
495,9,Uttar Pradesh,145,Sant Kabir Nagar,,
496,9,Uttar Pradesh,146,Shahjahanpur,,
497,9,Uttar Pradesh,147,Shrawasti,,
498,9,Uttar Pradesh,148,Sitapur,,
499,9,Uttar Pradesh,149,Sultanpur,,
500,9,Uttar Pradesh,150,Unnao,,
501,9,Uttar Pradesh,151,Varanasi,,
502,19,West Bengal,217,Alipurduars,,
503,19,West Bengal,218,Arambag,,
504,19,West Bengal,219,Asansol,,
505,19,West Bengal,220,Baharampur,,
506,19,West Bengal,221,Balurghat,,
507,19,West Bengal,222,Bangaon,,
508,19,West Bengal,223,Bankura,,
509,19,West Bengal,224,Barasat,,
510,19,West Bengal,225,Bardhaman - Durgapur,,
511,19,West Bengal,226,Bardhaman Purba,,
512,19,West Bengal,227,Barrackpur,,
513,19,West Bengal,228,Basirhat,,
514,19,West Bengal,229,Birbhum,,
515,19,West Bengal,230,Bishnupur,,
516,19,West Bengal,231,Bolpur,,
517,19,West Bengal,232,Coochbehar,,
518,19,West Bengal,233,Darjeeling,,
519,19,West Bengal,234,Diamond Harbour,,
520,19,West Bengal,235,Dum Dum,,
521,19,West Bengal,236,Ghatal,,
522,19,West Bengal,237,Hooghly,,
523,19,West Bengal,238,Howrah,,
524,19,West Bengal,239,Jadavpur,,
525,19,West Bengal,240,Jalpaiguri,,
526,19,West Bengal,241,Jangipur,,
527,19,West Bengal,242,Jaynagar,,
528,19,West Bengal,243,Jhargram,,
529,19,West Bengal,244,Kanthi,,
530,19,West Bengal,245,Kolkata Dakshin,,
531,19,West Bengal,246,Kolkata Uttar,,
532,19,West Bengal,247,Krishnanagar,,
533,19,West Bengal,248,Maldaha Dakshin,,
534,19,West Bengal,249,Maldaha Uttar,,
535,19,West Bengal,250,Mathurapur,,
536,19,West Bengal,251,Medinipur,,
537,19,West Bengal,252,Murshidabad,,
538,19,West Bengal,253,Purulia,,
539,19,West Bengal,254,Raiganj,,
540,19,West Bengal,255,Ranaghat,,
541,19,West Bengal,256,Sreerampur,,
542,19,West Bengal,257,Tamluk,,
543,19,West Bengal,258,Uluberia,,